TICKET_ID,WALLET_ADDRESS
57244821,bc1pfr0xh5ghhj6pzrlmm7jy0pdzfck6lqknwke0gklrsvxyzzpyq2fsfms26r
8755756,bc1pda2t99zp3376ughev2watq9sw7w6umz9eqkggh5zade3e0npg3hq8px6qd
49978150,bc1pst0t34rwgk7m6ux0ssnedrj28hf7hak5je5xj486q6h22jgre9lqqs9yn8
82322887,bc1pqgjnn0hyd007y36uqwzk7kl26lc4y5g7u2l8n50cu7ay2tfp50us828m82
29984946,bc1pzlxfd0lmt8tr6n35l3yazv2jedf02tsxzcg0mlq7t9p9aqdydwpsaku85e
85908268,bc1pfedmsnx6ud2r6n9445t6fxsd9ftrs8w88dcmunstj8836dhvfjqq7yzqae
70494704,bc1pr4ddzgerwk78u5n9y9g0nzjjygx04j9qjvjus5ksxv9kplr8pv5q50de5s
65744946,bc1p3rtuh9u5up9rxu53pz52tnhzrl8ckj0ejmtn3krstzgn8wlw8tjsalefwq
72209590,bc1p8a6sw5x58jvjcwwd4f28zchunx3yj669kh32uu2ejwyme4zwgq4smssc8l
15540236,bc1p3f500l0rc8u4ta6yemgxzyzq8pqpe4txw6wkke60s5xyl2fxqtkqfhttmw
70852493,bc1p8rafl7vp3aywe030tj0nngl5yl8khrg3q7hnu3c5e8f2hxgn3y5qhl9pa3
49045600,bc1pkw42e2rp7vkdqhde0q8f7qcp6tqp34ay9mcuugyn3dnm58uld5dsh24nr9
84891965,bc1p6zeczluw3szdjygh59fc7fzful48t2gtrqqlca9z3e6cvwyzlxlqgspval
53862142,bc1q6kc78fqcy6ljsj4pu6dvvx2qjc8mhyg3ele4yp
51747022,bc1p49zjywjkgyt700ve9x82xvxpuel8mq394amz97fek7eeaqd4ngtqhusjcv
51433642,bc1pyr9gwgymw33av7wpstg2l566rx47ydrlnm6jm3qtv3njwm6t44vqtd7wf9
50910848,bc1p8rafl7vp3aywe030tj0nngl5yl8khrg3q7hnu3c5e8f2hxgn3y5qhl9pa3
62284420,bc1p8wke945cpxkt708ked6fd662e73334p7gpfqsc5k9gk22zv2uxjs4tj9ft
12385677,bc1pqcr6u094dcmwnlunh66d4u5ksl0suvq2xuzpudarz8gc9jk7mdrs0wke4z
22254581,bc1p3rtuh9u5up9rxu53pz52tnhzrl8ckj0ejmtn3krstzgn8wlw8tjsalefwq
70258400,bc1pkw42e2rp7vkdqhde0q8f7qcp6tqp34ay9mcuugyn3dnm58uld5dsh24nr9
84671671,bc1qkjvc82adcmgc57zj85w470yd9d648ld72s0pen
74290234,bc1p3f500l0rc8u4ta6yemgxzyzq8pqpe4txw6wkke60s5xyl2fxqtkqfhttmw
16809422,bc1pne3gdj9k95xfsg0std5vz4hyr3s06qhm0d3r92yjce7k8vq8t5sqw8h6v2
3958748,bc1p3prupdzwlclkltexf2uz8e4fmzpsjjkf0kgc702lw34lp4f0cakqfsjsmk
45654370,bc1pqxnp5zjewdwdmnvyhslalukvjn3uc6muqr4gglaznlvvmmtjpr3qa0lz97
18251204,bc1psu38w2vam5c69kl56lram30vqqcnkx5lumxpyszc9tftrmhf8lvs23fd00
81950214,bc1p7d58f52vddskwxwn033mlp400zktzgl53nv2kmry7497rryhzjss2zczf0
77979282,bc1pu0gw8ckcmdv8ntasjwy8s6hm8rvm4dv3eu9qmggwrqa52vy34ppqq565sr
78705621,bc1png9xcq3gygj4f4z0j8xeqzcayujqy6pr6x3ajhmuptlns2954wvsxa8c7y
84200879,bc1p0lqnthpl9ytf88vacg9y2mzwjnk8y053nnd44z0h7mcajw0kfr5swqvl7x
10860672,bc1q3cmn85v3fmutdjfj36msqs3ja3cf567tawskwg
55696052,bc1pl9v0mlamej5lax2j7jc58794ljyqj0vc4t6d7933lv26ztxz2z9swg44c5
15539900,bc1p9at4tajtd0wqjf08lakcdps8s3u7mpjrczm77urxs7jj76v9lwhqjhlw6p
56745066,bc1pdghkqquuwhefz6g7muwlup7t2kgvnjjxce745kzr75slwjfhjn7smae24r
35244313,bc1p4t4lj7euxxnmdnad8x3pzvd4nyaljdm9vt780cdt4dajna0mcwkqdl8aj9
77997244,bc1p2qccp6unmwtdddtl2k5ayg4g5jpnpx3jdcse4eg5z43wqcl8qhyqy8rwvh
21532542,bc1pl8wg80s9d857ghpj99n0q5e80jasadxvtlmszlnr9t2peu5qg8jsd4wf9n
34244837,bc1pyc2xrga76u8ns75zlvcy5hqd3tal84lnzecjcezvg4pjqeke3t6s62sn9t
17662709,bc1pppu9u62wlj8ur0w6jn0xqaankm68enapdxh7qsju26sjl72f7z2sgddeak
13174271,bc1p3tvdsems7j2jyzdjdydmzymnfe362k9ycr9pvy602ztrkfmuhsfqwx8kmg
73679282,bc1p4mcrv5w0fw39paq6cx3qkn0ga9gyua5jfwlhxdj3q02zzjey2w5q2esp7q
82701104,bc1pl7n53vredg09f5v9ne4zpwxmnnlpxcmv2a9nd8fcangp2rtczvlqkjzpyr
45329754,bc1pqnp2amur53v4v9k6en60yvpmw0ywddx05trt7jjln6lll9q7wkgqglwunk
23172540,bc1pncqe6ran0fkjd7eagk85y9u7jrljdwudntr008wl4g6u7heyzgmst4ut3z
88008251,bc1pvmv679ur5x39g55x4eqpm7hvlyrwx0lqzr2jskplwhh8jlh397qq8u7ln4
60588191,bc1pdqz7j7c9xtyq5mszjdgqncdap9audf089jtnfak7lrajl59hdhkq4s6ng8
47314031,bc1ph5n4mlch64w2gt09740rynu22msmdf9dqwl7svlzmrldu934gc6qvh0lx6
46095758,bc1qxvpvvuk8pkk8z5xm7qpm7au8mkayj25sa0k4mz
94085469,bc1pvjhmpeq5afjwat2uhrttkcr8uty7kczx48xjqwwmeputh7rj67hspz7xru
23875680,bc1qyurdhcnwpxhtu9p46jzqstx3js5ayany73n39h
66680937,bc1pqnp2amur53v4v9k6en60yvpmw0ywddx05trt7jjln6lll9q7wkgqglwunk
3152319,bc1pk8whk0du74yjn22066mkgp3sn9c50q4pqtp97pr23azl9fnawgvsp9wh9j
56905800,bc1pqqlmhclhatsv3zhv79e2nrnptlfxttrt3fkkj30tyuc6uf3w7agsye9zyx
26951266,bc1pxsjcgpmsp4qyptccahy792wakrrfu0mwl48vy8llm7p02dz90e4qf3mv3p
28428246,bc1pmuf8w2c4j9eg67lzvraa0pe29kdwutg7l8cevs2etk6g72kg6g4s48reuq
66836776,bc1ppmmxq4gvdw4c78mwhrc36u6ewrac96wsyepwmxq2f9w7dp9jadxs4nd2ls
83176257,bc1pjg2gtjms6klx03s9fqc5ylkj7vwxmgekvhcqpwt0d9w5ammmz2dsd2cn9q
60951386,bc1ph5n4mlch64w2gt09740rynu22msmdf9dqwl7svlzmrldu934gc6qvh0lx6
5199938,bc1p94axsa04q879z2g02t9afpqs5h7k5pqg5uacf03kxqswqrn7wupq4ftr2s
62773008,bc1p8a6sw5x58jvjcwwd4f28zchunx3yj669kh32uu2ejwyme4zwgq4smssc8l
51193842,bc1pxsn6lmhj9983pnms0eeex62tpm0act2gjru9fq0747dwtugg2qvsyk7mxa
39818403,bc1p695r4vuvke77xputljuthv7vca0n0adp0f5z890gsg4sgmq7fj8sepqfxx
69570511,bc1ph5n4mlch64w2gt09740rynu22msmdf9dqwl7svlzmrldu934gc6qvh0lx6
11051263,bc1p33dfnums96kgksa3hctrcrlxrzc7y38v58hlauqmgtqlm4at0atq2g84ma
96984256,bc1p4ahe38nnf07rjs4vy39rax3t6l3z0fejgwj95r6q667yt036p90qatjunk
58937713,bc1p2g40524eft4rg2jsc2p9szrhqxwq6y84yaz6qkzu8j94fmne927q47gc4y
93374250,bc1ph5n4mlch64w2gt09740rynu22msmdf9dqwl7svlzmrldu934gc6qvh0lx6
12453577,bc1prcpjnr0xjrwq5lf00mepp57nnsnelg76huqza9awx7th78wpezaq5g0a89
20454888,bc1pwtca47yeflnwk8vv8s57tklras0ltkp9p55n3ssyvxaq5hsfpyss5v4mze
98051122,bc1p3prupdzwlclkltexf2uz8e4fmzpsjjkf0kgc702lw34lp4f0cakqfsjsmk
15675222,bc1pvjhmpeq5afjwat2uhrttkcr8uty7kczx48xjqwwmeputh7rj67hspz7xru
21657058,bc1p4ahe38nnf07rjs4vy39rax3t6l3z0fejgwj95r6q667yt036p90qatjunk
5698565,bc1pc3qdlcy5nsvtezwuxrqyeh3ydln47t895tztrgqymwr76aeyf8lsk7r648
57262964,bc1pz6d3q94343vwuc0lga538kn8dt7ne0z8zh8a6ps73eljut9pwe0s27qm6z
83753994,bc1pdqz7j7c9xtyq5mszjdgqncdap9audf089jtnfak7lrajl59hdhkq4s6ng8
44772142,bc1p9h0n8jg2e5jfdux7lhm584djrk34jd4xg486txc9cen7wpf7ul8qpn00su
4369173,bc1q3e4vhqnzkqj0l54ct43r2exyu782nvm2ynw5xu
81883615,bc1pq7mspgx54vyulk6rzt52x9fyu2qx6hl2wh2ur4f4zkz752zxxgxq55aedw
23306803,bc1p26fys3cwctfgrhstpn5kukjq8a3gckl4t5crckngz5w7y8x24gssuraect
58168979,bc1p3myxxvd5g7cs604j90q80vlmaxtjhqrke9u22lgt9trc7nnrh05qtc2g78
25282646,bc1pl8hy9zm0wpw45fk2zdx99see0rfgc8xxv0ee59c0enluk4cxzulq40at7a
87371577,bc1pfgvypw0ps9sn9qaz8nsuuw7jsprmx5yu4440qc4mgdqgae6fh6fqdjumrx
70645214,bc1pxefsf6t0a7z8j8mmascwjqdacxgk3gwap2xfj6nwmdr0vw3h9k2qnhalyf
92621435,bc1pfedmsnx6ud2r6n9445t6fxsd9ftrs8w88dcmunstj8836dhvfjqq7yzqae
45120766,bc1p84xs3dcc50d39nqyqy5l7wu4xzgkxlzlt27r7mmyckhq72zf8snsuql4hp
99210062,bc1pms6g097j937e5m6l2sjtql7cpszv7rp6edg5rd8k067p60crzkus4v796r
91698864,bc1pcu8fh49kydzpvrvx5w28ycwthruzmw2624ah9f5ptv34px6rvs2skdcg8e
98420959,bc1pdqz7j7c9xtyq5mszjdgqncdap9audf089jtnfak7lrajl59hdhkq4s6ng8
56189857,bc1qjdrghq9nau0dp8pjtuq34rm0wnve3ng9wq4fqx
55590591,bc1pg8kfe2tjy098xeexal332szd4gj7dm7mk3h2a8ca23cus8mg6xgqllz6q2
4074311,bc1pequlseu22azdmkys67s7d8fdcyuvjxmn3evxv328xmqhw5c96jmsupvz79
6479579,bc1pl8hy9zm0wpw45fk2zdx99see0rfgc8xxv0ee59c0enluk4cxzulq40at7a
92733726,bc1pggkwytjzxywu0yg0mqurm2m9xffafs4wq5de09ddhml9ywnnxwpqk49tds
73074970,bc1p695r4vuvke77xputljuthv7vca0n0adp0f5z890gsg4sgmq7fj8sepqfxx
50021934,bc1pj8v8n9zyla3egfc8j7snytdgn0prgfeq5kar8xg5aev70p69j5dsxy7s0g
52108255,bc1phmn08nwkt7xrtuttpy0mwcj30fzqfyh9yjthyjwmv0kg8u4avetq3uaw8w
88136595,bc1pyyn67f0j3wg8jxu0q6mypdyhuahj8w803xgz3weuhkep7cx8d0vq7jyt5k
7233975,bc1pw989ueg24ze6nke8lx4684we6rlrr27pu5vde59xd7x774erdcwsw6rh89
4515695,bc1p4t0fyspz3sw2k9g6qgth4t8x5qamsqlps6jzclxpv734lrq532mqnlsgqp
78175296,bc1p8keujj53yhqzkn6w568psma0a4mv4r675wsc0l4gqdclrtfq2ezq0lqfur
33541351,bc1q466334dn9gs99ye4207ukmkuvzt4504m7tghh6
86779183,bc1pl8hy9zm0wpw45fk2zdx99see0rfgc8xxv0ee59c0enluk4cxzulq40at7a
26918051,bc1pfsfmgjkd3vkvmakvkfe58tah69zejz7xyuzy394628l2cdqk0wvsrmz4ze
64031756,bc1palmq3mfh06drvv54n3uuqhf36qsucppn93g7d3kn5ekdrae5r48qf0xys4
59948613,bc1pfgvypw0ps9sn9qaz8nsuuw7jsprmx5yu4440qc4mgdqgae6fh6fqdjumrx
94411342,bc1p2llvf3p2xhmn50np3m3jvszzcq7la3lv3xhtz5puva84dfe5msdqnzch6m
86744758,bc1q46s7pxdld75yfp8le3ttk6wt0002nfu966tw9d
3112373,bc1p2kn2qjv7hsdaq63tl2zvpprcrjw5ewmelt94q62e94pwgu6apeesa2ux4m
61164022,bc1pxsjcgpmsp4qyptccahy792wakrrfu0mwl48vy8llm7p02dz90e4qf3mv3p
10885361,bc1ptnhm26yxuz4ndqwhdw5lr7mdzws5lwqkjvkj9e3hjqxzc3te5jgq3u3k4l
69239960,bc1qceush00anzg4y2l276apf44j2tv9hvqwgp9fue
49054200,bc1pkmkem2cwlc5py6kggdmmnjfs89n86patkvrda73l50ch9m6nl97qwuq30g
63562107,bc1pqnp2amur53v4v9k6en60yvpmw0ywddx05trt7jjln6lll9q7wkgqglwunk
94804077,bc1p70fp0v7jq5xjthln24rcfty08khr4s5tju5pcdehyewjtycgax0sm40fus
83708937,bc1pdtxavyuw9s02u5n2cmxgdzhsquqhdjnlyq9ashu44wz308lp2p8qnv3vzd
32850930,bc1pqgu6rsxanmjq632f7ljvykfc0xys77wjuzz7tmm5v0fqzdchkpwq4p55el
2916966,bc1ps0ae4jm094093duyxd6lcc48hu3qkhm0fsj02xs0w6rpwkgnefps9s7qnq
77253618,bc1p9h0n8jg2e5jfdux7lhm584djrk34jd4xg486txc9cen7wpf7ul8qpn00su
56570248,bc1pzjn7l0pz7z8xajsl0ja45ryvnmegq3vt22dg9raffrkwchrthjzqwly54m
40367746,bc1q8zr4vf8fjjdkarzt76y9ktvf9r3jpszds4dwgh
81150799,bc1pggxp5p5pfvm2zr92d0r2zuqn09sxxgdwhnmdgg9q493h9uc85jpq9cwgm7
76519530,bc1prdjuxr27rfwvkyj8jpy7zf87t033vradg4elqctejcmn4cdfyzcq43j6a7
59191507,bc1pqeef08qgtpm5eqfthw405fv4497sg0fw5t9wwpagu9nfmdrj0jfssdsrr0
25255993,bc1px6stx9vudjjegcdscpj8wx6xfg8p04pwpxeqrvhwp2qzglpta07qns67y0
51444071,bc1pl2gdtydzehqzug2tpdedy2cey0skpu89x94c28jlu8y0tfp5dcrsv4w7xn
4983514,bc1p9fdge20v9k7es7lenprmr4376383ed78mfzlavez8s32wndu0jsq40y9q3
90996584,bc1pk8whk0du74yjn22066mkgp3sn9c50q4pqtp97pr23azl9fnawgvsp9wh9j
44199675,bc1pfj6l6dwfz46ddagz690s859vadf4w4067jmq0nxvqj5gl0mdrtns3l6trs
93994086,bc1qvrrzhtlzrdcjv4x8e7g84ydn0rv8d0cd7mjdtw
10114480,bc1pfr0xh5ghhj6pzrlmm7jy0pdzfck6lqknwke0gklrsvxyzzpyq2fsfms26r
58277819,bc1p2p9kczzn73dwckphjdln0gd7apt9wcdzkmv36p9wzn9yahvu622sn4gux3
22240367,bc1p22g2rz2c2g3v6eqexqlxp8955uu4kk0x3m3f7a2x86x0txvaav2q7fscah
48797063,bc1p8akp4hcpdchz6cp7a89s3ayhhyavcgnh9fgck7uyq9g3ukpjcf3su5uavv
48890270,bc1pqnp2amur53v4v9k6en60yvpmw0ywddx05trt7jjln6lll9q7wkgqglwunk
41805712,bc1pugecf6z6vjle9ddvyym8ghs60ar5gwkvtul7nglvdve0ccy4hraqpnshrs
96682146,bc1pl807uxxytjvjaz3k3u0aqm6j40adeydttm7gzx24ustdwfxt3l7scpupp3
12918748,bc1p4t0fyspz3sw2k9g6qgth4t8x5qamsqlps6jzclxpv734lrq532mqnlsgqp
94312256,bc1pnvuhhzl06e2dygve2reh5tva5fpn4j3u8a0adxjqn0ydvrcx5hfq4ycpff
24494972,bc1pl8hy9zm0wpw45fk2zdx99see0rfgc8xxv0ee59c0enluk4cxzulq40at7a
91336695,bc1pxefsf6t0a7z8j8mmascwjqdacxgk3gwap2xfj6nwmdr0vw3h9k2qnhalyf
90287077,bc1p03ehnjmgky49fyvqy3kwskgzmky4zs2670flk40muwh3uukt25eqdeemfp
11981317,bc1p9h0n8jg2e5jfdux7lhm584djrk34jd4xg486txc9cen7wpf7ul8qpn00su
6183025,bc1p89t62va7gupgtmuua3jp9qjut86hh07zkvrxqfyh0jxtqrc8y8zqvgt4st
34981568,bc1pk7uzc4es7lx2jgqgydxkltcpvepgr8j9xmqwkr6xrw5tdfjprx0s82lfnj
53268871,bc1p9h0n8jg2e5jfdux7lhm584djrk34jd4xg486txc9cen7wpf7ul8qpn00su
19479662,bc1p77vmr20rjr2sccq5gwsvw25f9knjmsc2e3zxrnlv8dhsl0yjxwxsh44efz
9385661,bc1pg8kfe2tjy098xeexal332szd4gj7dm7mk3h2a8ca23cus8mg6xgqllz6q2
18892905,bc1p2nw2q9q6034t0ksnntcn0xcwh4p8u0uq2cq9ksrshlq4gfcqmmhspj22cd
19983584,bc1pcwcjs68y4ejpwfadpaxyvjrck7qz8wkan5rfg6953vzwa408jl9qerpjfr
53741154,bc1p7d58f52vddskwxwn033mlp400zktzgl53nv2kmry7497rryhzjss2zczf0
44823369,bc1p7jt3zf4a8txvq9qlyl8jja8zteamus9y04ednyrwm53y77995vrq2gnttd
91208090,bc1px49dr7qlytpnh726jfl4g90s00xywe43y8zajj8j5ar97rku6dsqxgu3fq
30892312,bc1px2e308jtdxxj67jqu575lxelfwfrys9s30fmmm2dajlaafpthghsnupyhs
72692216,bc1p03ehnjmgky49fyvqy3kwskgzmky4zs2670flk40muwh3uukt25eqdeemfp
51457016,bc1pv9mvatvplx06h89rrj6y8jfqvah938taj4r6ynjffh79e82m2rfslu0xz9
91157650,bc1pevl52kdkpfpwg6200724mtkfeq4u8kju8taev2a0xj5lgtk6yyks4q6452
56858935,bc1pzjutzjagx5j2hup6sewwuk0jnfuu2w27pn5tynqxsr86yfwaw36skvpfh0
17162246,bc1p8nqsk6exuumrg00t8r0dadtjtaw750vsjy20ah370j7ykjk282aqacy37n
94756629,bc1p7fngelsujyp29qgm34k326n5wccsv3y0uxv2e8gv8pnwn5hds0yqa85zgj
33677297,bc1pwc3lede0f9w3qjzug3zwz79utyj0n4fpn77c2qxllkst2jum7zwqavu35q
78426965,bc1py9zxugn583cc8ghlcsg6j2e2y3a338pdsk5z47njzjg08hmerp9sj22ymz
88508105,bc1p4r22f5ee539a7ugwktkgu46n07dmsvzqrmmcxejv2k75cwtqhcns48kgmt
14184956,bc1p7w23svwtnyv600u0ww7g4gdlp2ycn3f5shnslruqgjqwymfhvttsrgrn3u
59308478,bc1p98evfjuuhxw6rx0596klucz0cypxmnmrm7xzv47gj9vtcmkvg0gs4czr72
13531870,bc1pc3qdlcy5nsvtezwuxrqyeh3ydln47t895tztrgqymwr76aeyf8lsk7r648
84099199,bc1p30jpdw4w0m2kcjvsg00xsx8c8wm8g8s8h4pew8dan3u9zct5ujgscnmkcu
30208672,bc1p26km43k0wtdlspqxy2080nxa8r02eww7fvtwfv86lq36gsjfc98qm3cr94
85277776,bc1ppmmxq4gvdw4c78mwhrc36u6ewrac96wsyepwmxq2f9w7dp9jadxs4nd2ls
84010806,bc1qj2e55suucw39ttcgjhja0vu4l58gjh3ty5u8a4
25359283,bc1pj2d7n9lszlhllwucyeeq4y8psd869f3lttsnqpvcuv5nr3yjz3cqhxpptp
92000051,bc1pdqz7j7c9xtyq5mszjdgqncdap9audf089jtnfak7lrajl59hdhkq4s6ng8
14648769,bc1qmtlkdra7ypzsgtcu8u5vusd0x7cs84styqndkj
57920629,bc1p24sz2ga9lyrevl23lhmu00jkwt9hkk40rw3mfhxtz662le530ctqgz2szd
15841775,bc1pxxdss4p06uc05t6nsas05xqfwzftrzt9rzddnte63hlfzshydyzqea5c9k
46330532,bc1pqnp2amur53v4v9k6en60yvpmw0ywddx05trt7jjln6lll9q7wkgqglwunk
77928468,bc1prcpjnr0xjrwq5lf00mepp57nnsnelg76huqza9awx7th78wpezaq5g0a89
12593845,bc1pqnp2amur53v4v9k6en60yvpmw0ywddx05trt7jjln6lll9q7wkgqglwunk
24515235,bc1pu5w0d0x3fwuhm0fj0x3ntdahthdygl39kzesw69lpl57e9a078qqgsnrg2
28686465,bc1pcts3v2rpg2ugwhs294msv9yllvm9hht9v9vadxxkstsd39h7wv4se8nkgr
28587092,bc1p6v3tswk23cstf2mh5ut3tr9mgfe3dxdrmj3kh3dses09zc9aj0gs7vy5ps
28935663,bc1prcpjnr0xjrwq5lf00mepp57nnsnelg76huqza9awx7th78wpezaq5g0a89
49956854,bc1pl8wg80s9d857ghpj99n0q5e80jasadxvtlmszlnr9t2peu5qg8jsd4wf9n
20493704,bc1pggkwytjzxywu0yg0mqurm2m9xffafs4wq5de09ddhml9ywnnxwpqk49tds
73091281,bc1pc3qdlcy5nsvtezwuxrqyeh3ydln47t895tztrgqymwr76aeyf8lsk7r648
47100807,bc1qucaxnm88893w9lq3kegwddvdrjf0x4zlvrlrrc
56916501,bc1p0xctqxmjmj9xgnpstyw3ujwdpdh2xarz553vglrmnyrxqkt4fsuqaz78n7
83119923,bc1placp0tepd8e9sq7x3458ahxf3mr643rsx5h2xpyvs4qjvz86u03sz9vwuw
99095531,bc1preje0cdxtu4g6mq3ztzs3qkffjme2skwxd9pkl5xz62w9xfp944qc6eavy
66002533,bc1p9yzxwgjpdgfn3qkvasm64nvtuerknqlexkqg65pzg9dzmx40wldqlwva4d
37933235,bc1pjj5mdr8cetej2zdeny6sm54ylexkjuclerakrj48wpraz9mnd4sq773x3f
20127808,bc1pl8wg80s9d857ghpj99n0q5e80jasadxvtlmszlnr9t2peu5qg8jsd4wf9n
24684431,bc1q8v0pjwvtjxkwfzyd8qpmu6rgg2hdcff4mwspys
23633682,bc1pwyq8z4l2pn3pm5aze7navf54ew8p5vv5zvzrwy77w947sk5tkxuqtt29mz
75425431,bc1p85d77kdjtzgpt29lxct0zhpx7afwqsvf9fvdhvy5w9eu2xuaplps0p6hcu
23704798,bc1pcts3v2rpg2ugwhs294msv9yllvm9hht9v9vadxxkstsd39h7wv4se8nkgr
11734564,bc1p6t26anyyen5j4f5tqgxulg7kl30f0zkp976hn856xdn8d7nru4wszmkrru
63702917,bc1pcts3v2rpg2ugwhs294msv9yllvm9hht9v9vadxxkstsd39h7wv4se8nkgr
58124189,bc1p65q7qmstq80mxcfuqgkdl0zz9lt2ug3eekz4qjgznzrhdn77vnhsla7qdj
30030378,bc1p4w5ykxtcrn6dxyrd6vkdrz8sxm59ysutkmg5cxkghsm3rlmwza2sszyd4j
1327825,bc1pyflsda929w69xarlz5n3x72dfhetk73aq9l0kawldvx2s5ej45ns98mv9k
60008968,bc1p3rtuh9u5up9rxu53pz52tnhzrl8ckj0ejmtn3krstzgn8wlw8tjsalefwq
92356636,bc1pg42nnj6tx949r5zx9zmqm5w9k9et7tkxsz9kj9z9rvk3dzmzqfvqs9ztq8
58085007,bc1p8zdjmt7mvc460arzwf52ljl3urz5ntl6wn6caxqvctc0uasn8zmqzzqt05
99116858,bc1p60zjqqfae24qqrsajyyk958jyfxjdrq9fcqprg95j3tvn7skpu8s26c3tu
40795992,bc1pc3qdlcy5nsvtezwuxrqyeh3ydln47t895tztrgqymwr76aeyf8lsk7r648
34050698,bc1pfsfmgjkd3vkvmakvkfe58tah69zejz7xyuzy394628l2cdqk0wvsrmz4ze
68939868,bc1qeh93gnx6h5vdphk7mc87xnpmsw8m9c6jgqe0k6
13288821,bc1pyr9gwgymw33av7wpstg2l566rx47ydrlnm6jm3qtv3njwm6t44vqtd7wf9
33291595,bc1pkkq2nvc0xgw6nu50qfye949jk2zv697nyjzuul97sd7jx67jh0asatt6lq
52379487,bc1qvmukkqh7d0u2667hqhmxl9ry0y8rt025qlme2h
907767,bc1pq5srdydw0w5373tj9fjt79avhjrlhkzt5vy9kefm4zlpdcw6hylsxxjuec
40619483,bc1pjs7krxc47g4mxmrsl6gqu28atpvwa5ts8yswar42dp6ftu5c647sad6khk
10812654,bc1pk96yfqpcpm5euk53an6rf2dn3xjsv4rm2nyy35ss02xasvasxdtqashfs7
23022061,bc1pgr0n8hpsn469zeg28pd9tlmdzl35vhqe87kp6gq8wrf0ghhnaukql36zj4
24275628,bc1puv2u52wrpcu8x9xtjsa3x0f3kxgaxhpsdkrju6m95v2e8dh92mjslytlxw
72097286,bc1pvjhmpeq5afjwat2uhrttkcr8uty7kczx48xjqwwmeputh7rj67hspz7xru
95045091,bc1p8nqsk6exuumrg00t8r0dadtjtaw750vsjy20ah370j7ykjk282aqacy37n
57578952,bc1pmuf8w2c4j9eg67lzvraa0pe29kdwutg7l8cevs2etk6g72kg6g4s48reuq
3148734,bc1p3rtuh9u5up9rxu53pz52tnhzrl8ckj0ejmtn3krstzgn8wlw8tjsalefwq
1780700,bc1pmly2udfhskhemjqpth99jtw87x9eenfcegljafjv8zwl54svyuvqajfv93
38884191,bc1pfgvypw0ps9sn9qaz8nsuuw7jsprmx5yu4440qc4mgdqgae6fh6fqdjumrx
88013990,bc1ptgzzc8jz0j6a7aql8hnlwp9deqecy63h38pseldxvcg2y258d8mspy409h
912394,bc1pmuf8w2c4j9eg67lzvraa0pe29kdwutg7l8cevs2etk6g72kg6g4s48reuq
80393987,bc1pan83aas3u0366skft70njpxnhcns3h38q27a9ha2kmv0z7tzw3mq4g5gvd
33545788,bc1q3x4d867zjun93glul94pfld7csldry77ggt98z
63110511,bc1p9h0n8jg2e5jfdux7lhm584djrk34jd4xg486txc9cen7wpf7ul8qpn00su
43891713,bc1pg8kfe2tjy098xeexal332szd4gj7dm7mk3h2a8ca23cus8mg6xgqllz6q2
32735586,bc1pnhqw4vutfe4k4x87gg6xcyrsyyfwhvxskqcaw2w000a0wa5dwk8s33ts32
70259001,bc1p5acqa22mwr29a9ef2t0e6dn4nnsrkyptr4dg7ugugnvrfeyy50cs4eps2t
18776825,bc1pxf6dssdwafsetkv2x30qpezdn523j3ru99taq9yq0vgmlry2s3rsx49vev
84868538,bc1pxsjcgpmsp4qyptccahy792wakrrfu0mwl48vy8llm7p02dz90e4qf3mv3p
15280695,bc1pe8f49r2h9clwyzwtjt4uvnqdv97dy5l4pjknyl6jyl2dfhh0tjaqjd739r
74192868,bc1pg8kfe2tjy098xeexal332szd4gj7dm7mk3h2a8ca23cus8mg6xgqllz6q2
56168133,bc1p9h0n8jg2e5jfdux7lhm584djrk34jd4xg486txc9cen7wpf7ul8qpn00su
99761774,bc1p6e66as7ty7t6a4d3f6g7d0q8cugftszqh040dpt27u35arpe2sxqzwhy83
93730972,bc1p9h0n8jg2e5jfdux7lhm584djrk34jd4xg486txc9cen7wpf7ul8qpn00su
11308483,bc1p89t62va7gupgtmuua3jp9qjut86hh07zkvrxqfyh0jxtqrc8y8zqvgt4st
37364540,bc1peuegmfhx3pvzdnaj4k5lrp9lgvk4vjywz3phd32rw7g992pl3z9st0cygf
60396111,bc1q6703xfpgw6af3lhgw5rhegwjecxxvm4zyjut9x
73003434,bc1ple2h9xd98yafhj5kavguw9t9lpnu3qz9zf9gdeavaknfa02794lq8rcqu2
38224670,bc1pyqcz4xv4v6g8p249v85ky62fuh9vp6nmyhfcpnx9uhqyu098gggqzjfxgr
29750918,bc1pk8whk0du74yjn22066mkgp3sn9c50q4pqtp97pr23azl9fnawgvsp9wh9j
54089638,bc1preje0cdxtu4g6mq3ztzs3qkffjme2skwxd9pkl5xz62w9xfp944qc6eavy
51127397,bc1psn5eeswf49zywthszxhz0crk0he45zpmcgy0jlt8a9amvvjswevqksfuje
84390609,bc1ppmmxq4gvdw4c78mwhrc36u6ewrac96wsyepwmxq2f9w7dp9jadxs4nd2ls
82830423,bc1pdp4dvqau2c56qp90zywjnmmf9wquxnt5m0m9arfwxn9ynzlc8l0sn366c5
55432170,bc1plnzn5002zruvztke2n675k3gcvjymxl0r9xwnexmxa4rn8nhlezqwqta4r
63437264,bc1pdghkqquuwhefz6g7muwlup7t2kgvnjjxce745kzr75slwjfhjn7smae24r
28097154,bc1pnpgya0555dg730ccp2tac32l39w4jcstrjq7kqwmvgc2ax9ely2st7gpau
13872354,bc1pg42nnj6tx949r5zx9zmqm5w9k9et7tkxsz9kj9z9rvk3dzmzqfvqs9ztq8
40590078,bc1q4z32fv084nwer5cww4ym3hfn49r0qg9e49m46t
22855393,bc1pmmfp6wzcegqcsc9rg6l9kdehjsxee4xsgk950wwd5n3dx0cwyf4q23vmvr
75955111,bc1pk8whk0du74yjn22066mkgp3sn9c50q4pqtp97pr23azl9fnawgvsp9wh9j
67117776,bc1q6h88vxthcm3f7mu4l55sxga7yzve2gv4cxrt3f
29794280,bc1pxzt2h45c2dg96ehc0lezwhemdc7w2kyjye89pn5vh6jzvf2jem6q8ynayd
69789205,bc1pdqz7j7c9xtyq5mszjdgqncdap9audf089jtnfak7lrajl59hdhkq4s6ng8
12375481,bc1qun8gsxm49dpaxyxjtyh3fcayyzns3nt2262qjj
69762147,bc1p3rtuh9u5up9rxu53pz52tnhzrl8ckj0ejmtn3krstzgn8wlw8tjsalefwq
89787622,bc1p3rtuh9u5up9rxu53pz52tnhzrl8ckj0ejmtn3krstzgn8wlw8tjsalefwq
23154392,bc1py9zxugn583cc8ghlcsg6j2e2y3a338pdsk5z47njzjg08hmerp9sj22ymz
33020908,bc1pda2t99zp3376ughev2watq9sw7w6umz9eqkggh5zade3e0npg3hq8px6qd
97536164,bc1pukrcgatm2whhy3v5xh4tylay65z35qa2q8g9c87xr5gx3whga7xql8zy3z
3634257,bc1p65tcwscnydscmxd8lutrphuy7q2q55pnldnfc99796rq4v8dk32qmkgu4k
85929961,bc1qfka872sk6hrc5mjst5n3aqa8z4wa5ljpkyvvfl
54327435,bc1psnrhwr5a8krv9leq4cqjj9xz3n4fwh2rs253h44ck7hehljwhx5s2e756m
93674601,bc1pg8kfe2tjy098xeexal332szd4gj7dm7mk3h2a8ca23cus8mg6xgqllz6q2
72015097,bc1pdghkqquuwhefz6g7muwlup7t2kgvnjjxce745kzr75slwjfhjn7smae24r
17445289,bc1p8akp4hcpdchz6cp7a89s3ayhhyavcgnh9fgck7uyq9g3ukpjcf3su5uavv
22576713,bc1pu6k7m47e9dsl0sm68c8yuwt7e5ywee2drdvf39u9qax52f3z4xks68ugmp
62327918,bc1pgur7wgetstwn8edva2jrwcnsynrj75yvlq8dl70j97fclquaegjsdhqy5a
30072925,bc1p8akp4hcpdchz6cp7a89s3ayhhyavcgnh9fgck7uyq9g3ukpjcf3su5uavv
35405816,bc1p9gjphellyfmqyjcex9upjsmw4knagpgj6dus9ftgczjvp5ate6fq0yxevm
47817179,bc1pr4ddzgerwk78u5n9y9g0nzjjygx04j9qjvjus5ksxv9kplr8pv5q50de5s
20565,bc1qepvp5aezdrmy8yzkh8qvphzax8ufevp0z7vkmd
48532683,bc1pyr9gwgymw33av7wpstg2l566rx47ydrlnm6jm3qtv3njwm6t44vqtd7wf9
29174984,bc1p9h0n8jg2e5jfdux7lhm584djrk34jd4xg486txc9cen7wpf7ul8qpn00su
13776104,bc1p8akp4hcpdchz6cp7a89s3ayhhyavcgnh9fgck7uyq9g3ukpjcf3su5uavv
39514599,bc1p2y8gkjdafjk63jzackmymv8a4pxz7zpwgsl7ncacxapydffwvg4s8ekz9l
9641572,bc1pqnp2amur53v4v9k6en60yvpmw0ywddx05trt7jjln6lll9q7wkgqglwunk
15638591,bc1pfdnh5ym0ldzv4re6wyjy0y49jlsx2wfvdyn4tvfsvpgwgay6zlmqyafapz
48880129,bc1pfj6l6dwfz46ddagz690s859vadf4w4067jmq0nxvqj5gl0mdrtns3l6trs
98737151,bc1peuegmfhx3pvzdnaj4k5lrp9lgvk4vjywz3phd32rw7g992pl3z9st0cygf
23401947,bc1pmgp2rzxhtmxkcnhvurg4y6a4mgtrvkuppsvdf7wsady3gz38p7wslwa4x4
5683855,bc1p33dfnums96kgksa3hctrcrlxrzc7y38v58hlauqmgtqlm4at0atq2g84ma
72404665,bc1pasujq7qkfz9hjdw9ygtsl4k3cgf5epsgk04uf5jks7s9l9xwvp4s3lfa2l
19033132,bc1pvjhmpeq5afjwat2uhrttkcr8uty7kczx48xjqwwmeputh7rj67hspz7xru
91453500,bc1pj6jcwchr0jr2ymep4r7k35da0aq08629hrp75tsvu0n0zmmtj2use27ls5
10484702,bc1px92qdx5mptp87w7pramramhgzf0g57jl9rvdfxs2ulnylt4tr8ts3nxkmk
70460491,bc1pgufsfdkeychygt2qr20hqfhwd8f27l0cd30zgmpdxx3eu39c0s6q6ep4wd
83560806,bc1p03ehnjmgky49fyvqy3kwskgzmky4zs2670flk40muwh3uukt25eqdeemfp
56609402,bc1ps5qyn9gnnv2ucghpx57v2mcaj8x2xgp2et64qfvchvc6xpy82l0q6nnzu0
72538455,bc1pqu5y6ue47neje6r0s9lzw9tut3s9q0rhgcccd0rfs56rcxeysj8sh7pz8z
54741008,bc1pjgrc5q6udsmvaaa84wxaxspmq2ve7cpr5krrpg5lgdjx0pqwee3s3ljtg4
89005574,bc1pqkwru9gzycef60lkw0tn7jk4l7p9n5c3ey5gu0s28lnqwqy5kehslf9wvd
1719245,bc1pell642hkr4xcymux8au8lz88yt9zjahwrs5v06lyl89q48hfg0msen4088
63589948,bc1pqdwh67g8gwver5qgm5rm783d836f8my2u4s2fme6vpqa68www2vs633x0y
30101406,bc1pequlseu22azdmkys67s7d8fdcyuvjxmn3evxv328xmqhw5c96jmsupvz79
52043069,bc1peuegmfhx3pvzdnaj4k5lrp9lgvk4vjywz3phd32rw7g992pl3z9st0cygf
69626497,bc1qasv8u0f2erf9rnnvt578z6xcl8wj8qgmzsf366
5783578,bc1q6e53rets4feqyavzlyj5wt85w408ncyhll7p8y
43006590,bc1pdxm9zx69lr20g8yez28nld62n5cqm8k8gtrf7mhr72k555uc7psqydvdm6
13132903,bc1pf8rykr2f6l0pkt8jmdq44ykeqel6388zx6hzrp5gytmwslsd0lwq74yhwx
55151169,bc1pdghkqquuwhefz6g7muwlup7t2kgvnjjxce745kzr75slwjfhjn7smae24r
51412447,bc1pl2gdtydzehqzug2tpdedy2cey0skpu89x94c28jlu8y0tfp5dcrsv4w7xn
59180251,bc1pfedmsnx6ud2r6n9445t6fxsd9ftrs8w88dcmunstj8836dhvfjqq7yzqae
39598109,bc1psn5eeswf49zywthszxhz0crk0he45zpmcgy0jlt8a9amvvjswevqksfuje
96845002,bc1ps6xyp3ta86aj6w5hx7l2jpqnwgh68cw8048wx7jtfwx2qf82k42qanhxgm
92091931,bc1pvrzx4e79t5q2kwwu74csdk9a8gpym3xfr03muenjtltsr5ymcf8q2khyqe
52304791,bc1p6zeczluw3szdjygh59fc7fzful48t2gtrqqlca9z3e6cvwyzlxlqgspval
70120890,bc1pj2d7n9lszlhllwucyeeq4y8psd869f3lttsnqpvcuv5nr3yjz3cqhxpptp
96901438,bc1pxsjcgpmsp4qyptccahy792wakrrfu0mwl48vy8llm7p02dz90e4qf3mv3p
5608904,bc1pxefsf6t0a7z8j8mmascwjqdacxgk3gwap2xfj6nwmdr0vw3h9k2qnhalyf
12104427,bc1p5uuc7vpyxr7cv07pmvgahndhw42vs8jl3cddhqw5r8r2mh4knekscg9kys
65840982,bc1pe0lrvhtx8mtl7gwx8g54tkxk9u5hq7tgwqhr84w2pkp98ujusvksvj4j4a
74505692,bc1phjyawwk7zf44zrdmua7rrpl5223hh30rssl8jmaj3wzfkygukpuqyzn7au
15253232,bc1p8az0vyjlzhjhkt4zc0awwqmlc9whdwu7ngzl3vqp2kua47aeysfshxfg5w
46949713,bc1pghegy68v2vfacdyx8hwjter06ug9nvyg23g6g9ga864luzlkt3nsz0gmce
7201422,bc1pn9ekyaj6wms0swg3vm3dezjustm5gs0t9zmhczezutg2n5htnt8q8dn3l8
94217360,bc1p6zeczluw3szdjygh59fc7fzful48t2gtrqqlca9z3e6cvwyzlxlqgspval
21472431,bc1p9h0n8jg2e5jfdux7lhm584djrk34jd4xg486txc9cen7wpf7ul8qpn00su
47289362,bc1qyfews2a7k9auuytx9z8dp88k33qsj0v60eg24w
73042043,bc1quvf3jlyz5kljhjy27qq8qnxfzkaad8005p4dm8
58770491,bc1p7d58f52vddskwxwn033mlp400zktzgl53nv2kmry7497rryhzjss2zczf0
24455691,bc1pqnp2amur53v4v9k6en60yvpmw0ywddx05trt7jjln6lll9q7wkgqglwunk
65583049,bc1pdqz7j7c9xtyq5mszjdgqncdap9audf089jtnfak7lrajl59hdhkq4s6ng8
82765280,bc1pxwmcy09s28hegwh2ayh9j203z0y39mdmkaw3p7385m43jqadwh0srje92a
60533973,bc1qtj5gzlvh4vjwz8yvs530wdfnqzvt8f70ghhm6g
63052759,bc1pu6k7m47e9dsl0sm68c8yuwt7e5ywee2drdvf39u9qax52f3z4xks68ugmp
99032999,bc1p3rtuh9u5up9rxu53pz52tnhzrl8ckj0ejmtn3krstzgn8wlw8tjsalefwq
16360877,bc1pegaw2zaf2tm0felzr37vnj0a9f7guve5pq2z5z8axau7j0r4a07s99syqn
10361278,bc1pxgk9g5445zut8sj9qy6nnvefxle2jdz26kw6v40wz9maen3ugeesee2rqa
10929640,bc1png2e0az0p4ns2xcx7hx294wwqhsnezuw74yu0lv22x7w6tz4nquqk0p63s
